{
  "no_dissimilar": 0,
  "base_models_run": 5,
  "model_instances_run": 5,
  "failed_conversions_no": 0,
  "skipped_models": [],
  "failed_models": [],
  "conversion_errors": {},
  "SSD-12": {
    "skipped": [],
    "failed": [],
    "different": 0,
    "run": 1,
    "all": {
      "bboxes": {
        "metrics_0_5": {
          "avg_f1": 93.85486004600527,
          "avg_prec": 93.85486004600527,
          "avg_recall": 93.85486004600527,
          "avg_mAP": 85.32260004182301,
          "avg_IoU": 96.51340120391919
        },
        "metrics_0_7": {
          "avg_f1": 93.82001156119163,
          "avg_prec": 93.82001156119163,
          "avg_recall": 93.82001156119163,
          "avg_mAP": 85.29091960108333,
          "avg_IoU": 96.51340120391919
        },
        "metrics_0_9": {
          "avg_f1": 93.801829743028,
          "avg_prec": 93.801829743028,
          "avg_recall": 93.801829743028,
          "avg_mAP": 85.27439067548002,
          "avg_IoU": 96.51340120391919
        }
      },
      "labels": {
        "first": 3.2,
        "top5": 6.0,
        "topK": 8.200000000000001
      }
    }
  },
  "Tiny YOLOv3-11": {
    "skipped": [],
    "failed": [],
    "different": 0,
    "run": 1,
    "all": {
      "yolonms_layer_1": {
        "metrics_0_5": {
          "avg_f1": 99.6137411283763,
          "avg_prec": 99.60648874934589,
          "avg_recall": 99.62108838691299,
          "avg_mAP": 90.62573786192462,
          "avg_IoU": 99.63253420558893
        },
        "metrics_0_7": {
          "avg_f1": 99.37944857574325,
          "avg_prec": 99.38252223966511,
          "avg_recall": 99.3763987734534,
          "avg_mAP": 90.0868557103824,
          "avg_IoU": 99.63253420558893
        },
        "metrics_0_9": {
          "avg_f1": 99.3636839351125,
          "avg_prec": 99.3636839351125,
          "avg_recall": 99.3636839351125,
          "avg_mAP": 90.0868557103824,
          "avg_IoU": 99.63253420558893
        }
      },
      "yolonms_layer_1:1": {
        "topK": 0.0
      }
    }
  },
  "YOLOv2-9": {
    "skipped": [],
    "failed": [],
    "different": 0,
    "run": 1,
    "all": {
      "218": {
        "metrics_0_5": {
          "avg_f1": 99.9999999271943,
          "avg_prec": 99.9999999271943,
          "avg_recall": 99.9999999271943,
          "avg_mAP": 90.90909084290392,
          "avg_IoU": 89.51689974873048
        },
        "metrics_0_7": {
          "avg_f1": 99.9999999271943,
          "avg_prec": 99.9999999271943,
          "avg_recall": 99.9999999271943,
          "avg_mAP": 90.90909084290392,
          "avg_IoU": 89.58486584666076
        },
        "metrics_0_9": {
          "avg_f1": 99.9999999271943,
          "avg_prec": 99.9999999271943,
          "avg_recall": 99.9999999271943,
          "avg_mAP": 90.90909084290392,
          "avg_IoU": 89.58486584666076
        }
      }
    }
  },
  "YOLOv3-10": {
    "skipped": [],
    "failed": [],
    "different": 0,
    "run": 1,
    "all": {
      "yolonms_layer_1/ExpandDims_1:0": {
        "metrics_0_5": {
          "avg_f1": 99.0208424981603,
          "avg_prec": 99.0092862541842,
          "avg_recall": 99.03252453637835,
          "avg_mAP": 86.4402011164778,
          "avg_IoU": 98.95845727432227
        },
        "metrics_0_7": {
          "avg_f1": 98.16108583410835,
          "avg_prec": 98.15714645646617,
          "avg_recall": 98.16503868836602,
          "avg_mAP": 85.85568625099587,
          "avg_IoU": 98.95845727432227
        },
        "metrics_0_9": {
          "avg_f1": 98.10765576071697,
          "avg_prec": 98.10765576071697,
          "avg_recall": 98.10765576071697,
          "avg_mAP": 85.85324798680219,
          "avg_IoU": 98.95845727432227
        }
      },
      "yolonms_layer_1/ExpandDims_3:0": {
        "topK": 0.0
      }
    }
  },
  "YOLOv3-12-12": {
    "skipped": [],
    "failed": [],
    "different": 0,
    "run": 1,
    "all": {
      "yolonms_layer_1/ExpandDims_1:0": {
        "metrics_0_5": {
          "avg_f1": 99.0208424981603,
          "avg_prec": 99.0092862541842,
          "avg_recall": 99.03252453637835,
          "avg_mAP": 86.4402011164778,
          "avg_IoU": 98.95845727432227
        },
        "metrics_0_7": {
          "avg_f1": 98.16108583410835,
          "avg_prec": 98.15714645646617,
          "avg_recall": 98.16503868836602,
          "avg_mAP": 85.85568625099587,
          "avg_IoU": 98.95845727432227
        },
        "metrics_0_9": {
          "avg_f1": 98.10765576071697,
          "avg_prec": 98.10765576071697,
          "avg_recall": 98.10765576071697,
          "avg_mAP": 85.85324798680219,
          "avg_IoU": 98.95845727432227
        }
      },
      "yolonms_layer_1/ExpandDims_3:0": {
        "topK": 0.0
      }
    }
  }
}