{
  "no_dissimilar": 0,
  "base_models_run": 5,
  "model_instances_run": 5,
  "failed_conversions_no": 0,
  "skipped_models": [],
  "failed_models": [],
  "conversion_errors": {},
  "SSD-12": {
    "skipped": [],
    "failed": [],
    "different": 0,
    "run": 1,
    "all": {
      "bboxes": {
        "metrics_0_5": {
          "avg_f1": 95.32038951506921,
          "avg_prec": 95.32038951506921,
          "avg_recall": 95.32038951506921,
          "avg_mAP": 86.65489955915386,
          "avg_IoU": 97.26126657072498
        },
        "metrics_0_7": {
          "avg_f1": 95.32038951506921,
          "avg_prec": 95.32038951506921,
          "avg_recall": 95.32038951506921,
          "avg_mAP": 86.65489955915386,
          "avg_IoU": 97.26126657072498
        },
        "metrics_0_9": {
          "avg_f1": 95.30500489969998,
          "avg_prec": 95.30500489969998,
          "avg_recall": 95.30500489969998,
          "avg_mAP": 86.64091354518182,
          "avg_IoU": 97.26126657072498
        }
      },
      "labels": {
        "first": 3.4000000000000004,
        "top5": 4.6,
        "topK": 5.800000000000001
      }
    }
  },
  "Tiny YOLOv3-11": {
    "skipped": [],
    "failed": [],
    "different": 0,
    "run": 1,
    "all": {
      "yolonms_layer_1": {
        "metrics_0_5": {
          "avg_f1": 99.59190582095496,
          "avg_prec": 99.59360367523631,
          "avg_recall": 99.5903529846526,
          "avg_mAP": 90.63971524600832,
          "avg_IoU": 99.62932604933692
        },
        "metrics_0_7": {
          "avg_f1": 99.34264387600992,
          "avg_prec": 99.33739729658096,
          "avg_recall": 99.34791422024846,
          "avg_mAP": 89.8851580328041,
          "avg_IoU": 99.62932604933692
        },
        "metrics_0_9": {
          "avg_f1": 99.31619401007153,
          "avg_prec": 99.31619401007153,
          "avg_recall": 99.31619401007153,
          "avg_mAP": 89.88344743632769,
          "avg_IoU": 99.62932604933692
        }
      },
      "yolonms_layer_1:1": {
        "topK": 0.0
      }
    }
  },
  "YOLOv2-9": {
    "skipped": [],
    "failed": [],
    "different": 0,
    "run": 1,
    "all": {
      "218": {
        "metrics_0_5": {
          "avg_f1": 99.8198197462456,
          "avg_prec": 99.8198197462456,
          "avg_recall": 99.8198197462456,
          "avg_mAP": 90.74529067840508,
          "avg_IoU": 89.18955269624462
        },
        "metrics_0_7": {
          "avg_f1": 99.8198197462456,
          "avg_prec": 99.8198197462456,
          "avg_recall": 99.8198197462456,
          "avg_mAP": 90.74529067840508,
          "avg_IoU": 89.3552084961095
        },
        "metrics_0_9": {
          "avg_f1": 99.8198197462456,
          "avg_prec": 99.8198197462456,
          "avg_recall": 99.8198197462456,
          "avg_mAP": 90.74529067840508,
          "avg_IoU": 89.3552084961095
        }
      }
    }
  },
  "YOLOv3-10": {
    "skipped": [],
    "failed": [],
    "different": 0,
    "run": 1,
    "all": {
      "yolonms_layer_1/ExpandDims_1:0": {
        "metrics_0_5": {
          "avg_f1": 98.80023869620362,
          "avg_prec": 98.81124166838453,
          "avg_recall": 98.78936064990823,
          "avg_mAP": 87.66143269445806,
          "avg_IoU": 98.73838650835167
        },
        "metrics_0_7": {
          "avg_f1": 97.75905361330723,
          "avg_prec": 97.76383858016511,
          "avg_recall": 97.75428100346363,
          "avg_mAP": 86.08693496612784,
          "avg_IoU": 98.73838650835167
        },
        "metrics_0_9": {
          "avg_f1": 97.68530788938952,
          "avg_prec": 97.68530788938952,
          "avg_recall": 97.68530788938952,
          "avg_mAP": 86.03491337691749,
          "avg_IoU": 98.73838650835167
        }
      },
      "yolonms_layer_1/ExpandDims_3:0": {
        "topK": 0.0
      }
    }
  },
  "YOLOv3-12-12": {
    "skipped": [],
    "failed": [],
    "different": 0,
    "run": 1,
    "all": {
      "yolonms_layer_1/ExpandDims_1:0": {
        "metrics_0_5": {
          "avg_f1": 98.80023869620362,
          "avg_prec": 98.81124166838453,
          "avg_recall": 98.78936064990823,
          "avg_mAP": 87.66143269445806,
          "avg_IoU": 98.73838650835167
        },
        "metrics_0_7": {
          "avg_f1": 97.75905361330723,
          "avg_prec": 97.76383858016511,
          "avg_recall": 97.75428100346363,
          "avg_mAP": 86.08693496612784,
          "avg_IoU": 98.73838650835167
        },
        "metrics_0_9": {
          "avg_f1": 97.68530788938952,
          "avg_prec": 97.68530788938952,
          "avg_recall": 97.68530788938952,
          "avg_mAP": 86.03491337691749,
          "avg_IoU": 98.73838650835167
        }
      },
      "yolonms_layer_1/ExpandDims_3:0": {
        "topK": 0.0
      }
    }
  }
}