{
  "no_dissimilar": 0,
  "base_models_run": 5,
  "model_instances_run": 5,
  "failed_conversions_no": 0,
  "skipped_models": [],
  "failed_models": [],
  "conversion_errors": {},
  "SSD-12": {
    "skipped": [],
    "failed": [],
    "different": 0,
    "run": 1,
    "all": {
      "bboxes": {
        "metrics_0_5": {
          "avg_f1": 99.09090899181818,
          "avg_prec": 99.09090899181818,
          "avg_recall": 99.09090899181818,
          "avg_mAP": 90.08264453801654,
          "avg_IoU": 99.99996783050268
        },
        "metrics_0_7": {
          "avg_f1": 99.09090899181818,
          "avg_prec": 99.09090899181818,
          "avg_recall": 99.09090899181818,
          "avg_mAP": 90.08264453801654,
          "avg_IoU": 99.99996783050268
        },
        "metrics_0_9": {
          "avg_f1": 99.09090899181818,
          "avg_prec": 99.09090899181818,
          "avg_recall": 99.09090899181818,
          "avg_mAP": 90.08264453801654,
          "avg_IoU": 99.99996783050268
        }
      },
      "labels": {
        "first": 0.0,
        "top5": 0.0,
        "topK": 0.0
      }
    }
  },
  "Tiny YOLOv3-11": {
    "skipped": [],
    "failed": [],
    "different": 0,
    "run": 1,
    "all": {
      "yolonms_layer_1": {
        "metrics_0_5": {
          "avg_f1": 98.3739837398374,
          "avg_prec": 98.77551020408163,
          "avg_recall": 97.97570850202429,
          "avg_mAP": 88.57028068505568,
          "avg_IoU": 98.4318531341933
        },
        "metrics_0_7": {
          "avg_f1": 97.07681849082257,
          "avg_prec": 97.14285714285714,
          "avg_recall": 97.01086956521739,
          "avg_mAP": 88.34740399408004,
          "avg_IoU": 98.4318531341933
        },
        "metrics_0_9": {
          "avg_f1": 96.5986394557823,
          "avg_prec": 96.5986394557823,
          "avg_recall": 96.5986394557823,
          "avg_mAP": 88.30238297967527,
          "avg_IoU": 98.4318531341933
        }
      },
      "yolonms_layer_1:1": {
        "topK": 0.0
      }
    }
  },
  "YOLOv2-9": {
    "skipped": [],
    "failed": [],
    "different": 0,
    "run": 1,
    "all": {
      "218": {
        "metrics_0_5": {
          "avg_f1": 99.99999992,
          "avg_prec": 99.99999992,
          "avg_recall": 99.99999992,
          "avg_mAP": 90.90909083636363,
          "avg_IoU": 94.14805425422941
        },
        "metrics_0_7": {
          "avg_f1": 99.99999992,
          "avg_prec": 99.99999992,
          "avg_recall": 99.99999992,
          "avg_mAP": 90.90909083636363,
          "avg_IoU": 94.14805425422941
        },
        "metrics_0_9": {
          "avg_f1": 99.99999992,
          "avg_prec": 99.99999992,
          "avg_recall": 99.99999992,
          "avg_mAP": 90.90909083636363,
          "avg_IoU": 94.14805425422941
        }
      }
    }
  },
  "YOLOv3-10": {
    "skipped": [],
    "failed": [],
    "different": 0,
    "run": 1,
    "all": {
      "yolonms_layer_1/ExpandDims_1:0": {
        "metrics_0_5": {
          "avg_f1": 98.38030450275348,
          "avg_prec": 98.38030450275348,
          "avg_recall": 98.38030450275348,
          "avg_mAP": 82.45952442262983,
          "avg_IoU": 98.06202593223887
        },
        "metrics_0_7": {
          "avg_f1": 96.80868297424267,
          "avg_prec": 96.7930029154519,
          "avg_recall": 96.8243681140635,
          "avg_mAP": 82.05888484030412,
          "avg_IoU": 98.06202593223887
        },
        "metrics_0_9": {
          "avg_f1": 96.56624554583738,
          "avg_prec": 96.56624554583738,
          "avg_recall": 96.56624554583738,
          "avg_mAP": 80.49025642516877,
          "avg_IoU": 98.06202593223887
        }
      },
      "yolonms_layer_1/ExpandDims_3:0": {
        "topK": 0.0
      }
    }
  },
  "YOLOv3-12-12": {
    "skipped": [],
    "failed": [],
    "different": 0,
    "run": 1,
    "all": {
      "yolonms_layer_1/ExpandDims_1:0": {
        "metrics_0_5": {
          "avg_f1": 98.38030450275348,
          "avg_prec": 98.38030450275348,
          "avg_recall": 98.38030450275348,
          "avg_mAP": 82.45952442262983,
          "avg_IoU": 98.06202593223887
        },
        "metrics_0_7": {
          "avg_f1": 96.80868297424267,
          "avg_prec": 96.7930029154519,
          "avg_recall": 96.8243681140635,
          "avg_mAP": 82.05888484030412,
          "avg_IoU": 98.06202593223887
        },
        "metrics_0_9": {
          "avg_f1": 96.56624554583738,
          "avg_prec": 96.56624554583738,
          "avg_recall": 96.56624554583738,
          "avg_mAP": 80.49025642516877,
          "avg_IoU": 98.06202593223887
        }
      },
      "yolonms_layer_1/ExpandDims_3:0": {
        "topK": 0.0
      }
    }
  }
}