{
  "no_dissimilar": 0,
  "base_models_run": 5,
  "model_instances_run": 5,
  "failed_conversions_no": 0,
  "skipped_models": [],
  "failed_models": [],
  "conversion_errors": {},
  "SSD-12": {
    "skipped": [],
    "failed": [],
    "different": 0,
    "run": 1,
    "all": {
      "bboxes": {
        "metrics_0_5": {
          "avg_f1": 95.21001655480661,
          "avg_prec": 95.21001655480661,
          "avg_recall": 95.21001655480661,
          "avg_mAP": 86.55456050436969,
          "avg_IoU": 97.23647271133366
        },
        "metrics_0_7": {
          "avg_f1": 95.19183473664299,
          "avg_prec": 95.19183473664299,
          "avg_recall": 95.19183473664299,
          "avg_mAP": 86.5380315787664,
          "avg_IoU": 97.23647271133366
        },
        "metrics_0_9": {
          "avg_f1": 95.19183473664299,
          "avg_prec": 95.19183473664299,
          "avg_recall": 95.19183473664299,
          "avg_mAP": 86.5380315787664,
          "avg_IoU": 97.23647271133366
        }
      },
      "labels": {
        "first": 3.4000000000000004,
        "top5": 4.8,
        "topK": 6.0
      }
    }
  },
  "Tiny YOLOv3-11": {
    "skipped": [],
    "failed": [],
    "different": 0,
    "run": 1,
    "all": {
      "yolonms_layer_1": {
        "metrics_0_5": {
          "avg_f1": 99.57128694270764,
          "avg_prec": 99.58494790321194,
          "avg_recall": 99.55776777226342,
          "avg_mAP": 90.65962323866364,
          "avg_IoU": 99.64057830392781
        },
        "metrics_0_7": {
          "avg_f1": 99.39638190300172,
          "avg_prec": 99.39550503745804,
          "avg_recall": 99.39726920514518,
          "avg_mAP": 90.26414438428624,
          "avg_IoU": 99.64057830392781
        },
        "metrics_0_9": {
          "avg_f1": 99.3800051666236,
          "avg_prec": 99.3800051666236,
          "avg_recall": 99.3800051666236,
          "avg_mAP": 90.26229158127065,
          "avg_IoU": 99.64057830392781
        }
      },
      "yolonms_layer_1:1": {
        "topK": 0.0
      }
    }
  },
  "YOLOv2-9": {
    "skipped": [],
    "failed": [],
    "different": 0,
    "run": 1,
    "all": {
      "218": {
        "metrics_0_5": {
          "avg_f1": 99.99999992399614,
          "avg_prec": 99.99999992399614,
          "avg_recall": 99.99999992399614,
          "avg_mAP": 90.90909083999651,
          "avg_IoU": 89.2503824041554
        },
        "metrics_0_7": {
          "avg_f1": 99.99999992399614,
          "avg_prec": 99.99999992399614,
          "avg_recall": 99.99999992399614,
          "avg_mAP": 90.90909083999651,
          "avg_IoU": 89.31584199690322
        },
        "metrics_0_9": {
          "avg_f1": 99.99999992399614,
          "avg_prec": 99.99999992399614,
          "avg_recall": 99.99999992399614,
          "avg_mAP": 90.90909083999651,
          "avg_IoU": 89.31584199690322
        }
      }
    }
  },
  "YOLOv3-10": {
    "skipped": [],
    "failed": [],
    "different": 0,
    "run": 1,
    "all": {
      "yolonms_layer_1/ExpandDims_1:0": {
        "metrics_0_5": {
          "avg_f1": 98.69902613922523,
          "avg_prec": 98.69555255319318,
          "avg_recall": 98.70262578439137,
          "avg_mAP": 86.89463484853206,
          "avg_IoU": 98.63751428676706
        },
        "metrics_0_7": {
          "avg_f1": 97.61156312293896,
          "avg_prec": 97.61391199917831,
          "avg_recall": 97.6092207220226,
          "avg_mAP": 85.36820746337649,
          "avg_IoU": 98.63751428676706
        },
        "metrics_0_9": {
          "avg_f1": 97.55070437001746,
          "avg_prec": 97.55070437001746,
          "avg_recall": 97.55070437001746,
          "avg_mAP": 85.35197229583571,
          "avg_IoU": 98.63751428676706
        }
      },
      "yolonms_layer_1/ExpandDims_3:0": {
        "topK": 0.0
      }
    }
  },
  "YOLOv3-12-12": {
    "skipped": [],
    "failed": [],
    "different": 0,
    "run": 1,
    "all": {
      "yolonms_layer_1/ExpandDims_1:0": {
        "metrics_0_5": {
          "avg_f1": 98.69902613922523,
          "avg_prec": 98.69555255319318,
          "avg_recall": 98.70262578439137,
          "avg_mAP": 86.89463484853206,
          "avg_IoU": 98.63751428676706
        },
        "metrics_0_7": {
          "avg_f1": 97.61156312293896,
          "avg_prec": 97.61391199917831,
          "avg_recall": 97.6092207220226,
          "avg_mAP": 85.36820746337649,
          "avg_IoU": 98.63751428676706
        },
        "metrics_0_9": {
          "avg_f1": 97.55070437001746,
          "avg_prec": 97.55070437001746,
          "avg_recall": 97.55070437001746,
          "avg_mAP": 85.35197229583571,
          "avg_IoU": 98.63751428676706
        }
      },
      "yolonms_layer_1/ExpandDims_3:0": {
        "topK": 0.0
      }
    }
  }
}