{
  "no_dissimilar": 0,
  "base_models_run": 5,
  "model_instances_run": 5,
  "failed_conversions_no": 0,
  "skipped_models": [],
  "failed_models": [],
  "conversion_errors": {},
  "SSD-12": {
    "skipped": [],
    "failed": [],
    "different": 0,
    "run": 1,
    "all": {
      "bboxes": {
        "metrics_0_5": {
          "avg_f1": 93.37131026293902,
          "avg_prec": 93.37131026293902,
          "avg_recall": 93.37131026293902,
          "avg_mAP": 84.8830093299446,
          "avg_IoU": 95.96058518256156
        },
        "metrics_0_7": {
          "avg_f1": 93.37131026293902,
          "avg_prec": 93.37131026293902,
          "avg_recall": 93.37131026293902,
          "avg_mAP": 84.8830093299446,
          "avg_IoU": 95.96058518256156
        },
        "metrics_0_9": {
          "avg_f1": 93.35464359628904,
          "avg_prec": 93.35464359628904,
          "avg_recall": 93.35464359628904,
          "avg_mAP": 84.86785781480823,
          "avg_IoU": 95.96058518256156
        }
      },
      "labels": {
        "first": 3.2,
        "top5": 7.199999999999999,
        "topK": 9.0
      }
    }
  },
  "Tiny YOLOv3-11": {
    "skipped": [],
    "failed": [],
    "different": 0,
    "run": 1,
    "all": {
      "yolonms_layer_1": {
        "metrics_0_5": {
          "avg_f1": 99.55860281119672,
          "avg_prec": 99.56652428413226,
          "avg_recall": 99.55082009118101,
          "avg_mAP": 90.39291407222045,
          "avg_IoU": 99.63333084170449
        },
        "metrics_0_7": {
          "avg_f1": 99.36086052301921,
          "avg_prec": 99.36244265147918,
          "avg_recall": 99.35929541041652,
          "avg_mAP": 89.80684646652466,
          "avg_IoU": 99.63333084170449
        },
        "metrics_0_9": {
          "avg_f1": 99.34187628539786,
          "avg_prec": 99.34187628539786,
          "avg_recall": 99.34187628539786,
          "avg_mAP": 89.80684646652466,
          "avg_IoU": 99.63333084170449
        }
      },
      "yolonms_layer_1:1": {
        "topK": 0.0
      }
    }
  },
  "YOLOv2-9": {
    "skipped": [],
    "failed": [],
    "different": 0,
    "run": 1,
    "all": {
      "218": {
        "metrics_0_5": {
          "avg_f1": 99.99999992928875,
          "avg_prec": 99.99999992928875,
          "avg_recall": 99.99999992928875,
          "avg_mAP": 90.90909084480795,
          "avg_IoU": 87.47783641905382
        },
        "metrics_0_7": {
          "avg_f1": 99.99999992928875,
          "avg_prec": 99.99999992928875,
          "avg_recall": 99.99999992928875,
          "avg_mAP": 90.90909084480795,
          "avg_IoU": 87.63150871138141
        },
        "metrics_0_9": {
          "avg_f1": 99.99999992928875,
          "avg_prec": 99.99999992928875,
          "avg_recall": 99.99999992928875,
          "avg_mAP": 90.90909084480795,
          "avg_IoU": 87.63150871138141
        }
      }
    }
  },
  "YOLOv3-10": {
    "skipped": [],
    "failed": [],
    "different": 0,
    "run": 1,
    "all": {
      "yolonms_layer_1/ExpandDims_1:0": {
        "metrics_0_5": {
          "avg_f1": 98.66044611591992,
          "avg_prec": 98.66495737099298,
          "avg_recall": 98.65611466400654,
          "avg_mAP": 86.05587472219547,
          "avg_IoU": 98.60873365024977
        },
        "metrics_0_7": {
          "avg_f1": 97.59034892130572,
          "avg_prec": 97.58699832516594,
          "avg_recall": 97.59371447118974,
          "avg_mAP": 85.47012768816528,
          "avg_IoU": 98.60873365024977
        },
        "metrics_0_9": {
          "avg_f1": 97.5146289518847,
          "avg_prec": 97.5146289518847,
          "avg_recall": 97.5146289518847,
          "avg_mAP": 85.45547323486518,
          "avg_IoU": 98.60873365024977
        }
      },
      "yolonms_layer_1/ExpandDims_3:0": {
        "topK": 0.0
      }
    }
  },
  "YOLOv3-12-12": {
    "skipped": [],
    "failed": [],
    "different": 0,
    "run": 1,
    "all": {
      "yolonms_layer_1/ExpandDims_1:0": {
        "metrics_0_5": {
          "avg_f1": 98.66044611591992,
          "avg_prec": 98.66495737099298,
          "avg_recall": 98.65611466400654,
          "avg_mAP": 86.05587472219547,
          "avg_IoU": 98.60873365024977
        },
        "metrics_0_7": {
          "avg_f1": 97.59034892130572,
          "avg_prec": 97.58699832516594,
          "avg_recall": 97.59371447118974,
          "avg_mAP": 85.47012768816528,
          "avg_IoU": 98.60873365024977
        },
        "metrics_0_9": {
          "avg_f1": 97.5146289518847,
          "avg_prec": 97.5146289518847,
          "avg_recall": 97.5146289518847,
          "avg_mAP": 85.45547323486518,
          "avg_IoU": 98.60873365024977
        }
      },
      "yolonms_layer_1/ExpandDims_3:0": {
        "topK": 0.0
      }
    }
  }
}