{
  "no_dissimilar": 0,
  "base_models_run": 5,
  "model_instances_run": 5,
  "failed_conversions_no": 0,
  "skipped_models": [],
  "failed_models": [],
  "conversion_errors": {},
  "SSD-12": {
    "skipped": [],
    "failed": [],
    "different": 0,
    "run": 1,
    "all": {
      "bboxes": {
        "metrics_0_5": {
          "avg_f1": 97.4185779911595,
          "avg_prec": 97.4185779911595,
          "avg_recall": 97.4185779911595,
          "avg_mAP": 88.56234362832686,
          "avg_IoU": 98.76605487357094
        },
        "metrics_0_7": {
          "avg_f1": 97.4185779911595,
          "avg_prec": 97.4185779911595,
          "avg_recall": 97.4185779911595,
          "avg_mAP": 88.56234362832686,
          "avg_IoU": 98.76605487357094
        },
        "metrics_0_9": {
          "avg_f1": 97.4185779911595,
          "avg_prec": 97.4185779911595,
          "avg_recall": 97.4185779911595,
          "avg_mAP": 88.56234362832686,
          "avg_IoU": 98.76605487357094
        }
      },
      "labels": {
        "first": 2.1999999999999997,
        "top5": 2.1999999999999997,
        "topK": 2.8000000000000003
      }
    }
  },
  "Tiny YOLOv3-11": {
    "skipped": [],
    "failed": [],
    "different": 0,
    "run": 1,
    "all": {
      "yolonms_layer_1": {
        "metrics_0_5": {
          "avg_f1": 99.55303907403042,
          "avg_prec": 99.54997383568814,
          "avg_recall": 99.55630634885512,
          "avg_mAP": 90.56438902962964,
          "avg_IoU": 99.60823206279846
        },
        "metrics_0_7": {
          "avg_f1": 99.34581022021639,
          "avg_prec": 99.34275248560964,
          "avg_recall": 99.34888057089454,
          "avg_mAP": 89.97818776325717,
          "avg_IoU": 99.60823206279846
        },
        "metrics_0_9": {
          "avg_f1": 99.3322867608582,
          "avg_prec": 99.3322867608582,
          "avg_recall": 99.3322867608582,
          "avg_mAP": 89.97818776325717,
          "avg_IoU": 99.60823206279846
        }
      },
      "yolonms_layer_1:1": {
        "topK": 0.0
      }
    }
  },
  "YOLOv2-9": {
    "skipped": [],
    "failed": [],
    "different": 0,
    "run": 1,
    "all": {
      "218": {
        "metrics_0_5": {
          "avg_f1": 99.99999992647273,
          "avg_prec": 99.99999992647273,
          "avg_recall": 99.99999992647273,
          "avg_mAP": 90.90909084224793,
          "avg_IoU": 89.75014144644595
        },
        "metrics_0_7": {
          "avg_f1": 99.99999992647273,
          "avg_prec": 99.99999992647273,
          "avg_recall": 99.99999992647273,
          "avg_mAP": 90.90909084224793,
          "avg_IoU": 90.06642253646207
        },
        "metrics_0_9": {
          "avg_f1": 99.99999992647273,
          "avg_prec": 99.99999992647273,
          "avg_recall": 99.99999992647273,
          "avg_mAP": 90.90909084224793,
          "avg_IoU": 90.06642253646207
        }
      }
    }
  },
  "YOLOv3-10": {
    "skipped": [],
    "failed": [],
    "different": 0,
    "run": 1,
    "all": {
      "yolonms_layer_1/ExpandDims_1:0": {
        "metrics_0_5": {
          "avg_f1": 98.77910975680395,
          "avg_prec": 98.75914853431284,
          "avg_recall": 98.79922148120114,
          "avg_mAP": 85.98088795953612,
          "avg_IoU": 98.73568780212129
        },
        "metrics_0_7": {
          "avg_f1": 97.79506946903642,
          "avg_prec": 97.80050841967135,
          "avg_recall": 97.78964875168131,
          "avg_mAP": 85.06890667083921,
          "avg_IoU": 98.73568780212129
        },
        "metrics_0_9": {
          "avg_f1": 97.72089626811177,
          "avg_prec": 97.72089626811177,
          "avg_recall": 97.72089626811177,
          "avg_mAP": 85.06510709653318,
          "avg_IoU": 98.73568780212129
        }
      },
      "yolonms_layer_1/ExpandDims_3:0": {
        "topK": 0.0
      }
    }
  },
  "YOLOv3-12-12": {
    "skipped": [],
    "failed": [],
    "different": 0,
    "run": 1,
    "all": {
      "yolonms_layer_1/ExpandDims_1:0": {
        "metrics_0_5": {
          "avg_f1": 98.77910975680395,
          "avg_prec": 98.75914853431284,
          "avg_recall": 98.79922148120114,
          "avg_mAP": 85.98088795953612,
          "avg_IoU": 98.73568780212129
        },
        "metrics_0_7": {
          "avg_f1": 97.79506946903642,
          "avg_prec": 97.80050841967135,
          "avg_recall": 97.78964875168131,
          "avg_mAP": 85.06890667083921,
          "avg_IoU": 98.73568780212129
        },
        "metrics_0_9": {
          "avg_f1": 97.72089626811177,
          "avg_prec": 97.72089626811177,
          "avg_recall": 97.72089626811177,
          "avg_mAP": 85.06510709653318,
          "avg_IoU": 98.73568780212129
        }
      },
      "yolonms_layer_1/ExpandDims_3:0": {
        "topK": 0.0
      }
    }
  }
}