{
  "no_dissimilar": 0,
  "base_models_run": 5,
  "model_instances_run": 5,
  "failed_conversions_no": 0,
  "skipped_models": [],
  "failed_models": [],
  "conversion_errors": {},
  "SSD-12": {
    "skipped": [],
    "failed": [],
    "different": 0,
    "run": 1,
    "all": {
      "bboxes": {
        "metrics_0_5": {
          "avg_f1": 96.09594709396887,
          "avg_prec": 96.09594709396887,
          "avg_recall": 96.09594709396887,
          "avg_mAP": 87.3599519036081,
          "avg_IoU": 97.86919003021326
        },
        "metrics_0_7": {
          "avg_f1": 96.07928042731888,
          "avg_prec": 96.07928042731888,
          "avg_recall": 96.07928042731888,
          "avg_mAP": 87.34480038847174,
          "avg_IoU": 97.86919003021326
        },
        "metrics_0_9": {
          "avg_f1": 96.07928042731888,
          "avg_prec": 96.07928042731888,
          "avg_recall": 96.07928042731888,
          "avg_mAP": 87.34480038847174,
          "avg_IoU": 97.86919003021326
        }
      },
      "labels": {
        "first": 2.8000000000000003,
        "top5": 3.0,
        "topK": 5.0
      }
    }
  },
  "Tiny YOLOv3-11": {
    "skipped": [],
    "failed": [],
    "different": 0,
    "run": 1,
    "all": {
      "yolonms_layer_1": {
        "metrics_0_5": {
          "avg_f1": 99.54086603568777,
          "avg_prec": 99.53968253968254,
          "avg_recall": 99.54215201376466,
          "avg_mAP": 90.52983425480348,
          "avg_IoU": 99.57866069356274
        },
        "metrics_0_7": {
          "avg_f1": 99.29610553086499,
          "avg_prec": 99.3061224489796,
          "avg_recall": 99.28612043449135,
          "avg_mAP": 89.75248067728964,
          "avg_IoU": 99.57866069356274
        },
        "metrics_0_9": {
          "avg_f1": 99.26530612244898,
          "avg_prec": 99.26530612244898,
          "avg_recall": 99.26530612244898,
          "avg_mAP": 89.72826126988383,
          "avg_IoU": 99.57866069356274
        }
      },
      "yolonms_layer_1:1": {
        "topK": 0.0
      }
    }
  },
  "YOLOv2-9": {
    "skipped": [],
    "failed": [],
    "different": 0,
    "run": 1,
    "all": {
      "218": {
        "metrics_0_5": {
          "avg_f1": 99.99999992815602,
          "avg_prec": 99.99999992815602,
          "avg_recall": 99.99999992815602,
          "avg_mAP": 90.90909084377823,
          "avg_IoU": 89.44132876849848
        },
        "metrics_0_7": {
          "avg_f1": 99.99999992815602,
          "avg_prec": 99.99999992815602,
          "avg_recall": 99.99999992815602,
          "avg_mAP": 90.90909084377823,
          "avg_IoU": 89.44132876849848
        },
        "metrics_0_9": {
          "avg_f1": 99.99999992815602,
          "avg_prec": 99.99999992815602,
          "avg_recall": 99.99999992815602,
          "avg_mAP": 90.90909084377823,
          "avg_IoU": 89.44132876849848
        }
      }
    }
  },
  "YOLOv3-10": {
    "skipped": [],
    "failed": [],
    "different": 0,
    "run": 1,
    "all": {
      "yolonms_layer_1/ExpandDims_1:0": {
        "metrics_0_5": {
          "avg_f1": 98.85828466928501,
          "avg_prec": 98.87241624106585,
          "avg_recall": 98.8443383236114,
          "avg_mAP": 86.89046422199502,
          "avg_IoU": 98.82112239748355
        },
        "metrics_0_7": {
          "avg_f1": 97.97298938285057,
          "avg_prec": 97.97710370875805,
          "avg_recall": 97.96889328989857,
          "avg_mAP": 86.0207025472232,
          "avg_IoU": 98.82112239748355
        },
        "metrics_0_9": {
          "avg_f1": 97.90611279972981,
          "avg_prec": 97.90611279972981,
          "avg_recall": 97.90611279972981,
          "avg_mAP": 86.00379455806959,
          "avg_IoU": 98.82112239748355
        }
      },
      "yolonms_layer_1/ExpandDims_3:0": {
        "topK": 0.0
      }
    }
  },
  "YOLOv3-12-12": {
    "skipped": [],
    "failed": [],
    "different": 0,
    "run": 1,
    "all": {
      "yolonms_layer_1/ExpandDims_1:0": {
        "metrics_0_5": {
          "avg_f1": 98.85828466928501,
          "avg_prec": 98.87241624106585,
          "avg_recall": 98.8443383236114,
          "avg_mAP": 86.89046422199502,
          "avg_IoU": 98.82112239748355
        },
        "metrics_0_7": {
          "avg_f1": 97.97298938285057,
          "avg_prec": 97.97710370875805,
          "avg_recall": 97.96889328989857,
          "avg_mAP": 86.0207025472232,
          "avg_IoU": 98.82112239748355
        },
        "metrics_0_9": {
          "avg_f1": 97.90611279972981,
          "avg_prec": 97.90611279972981,
          "avg_recall": 97.90611279972981,
          "avg_mAP": 86.00379455806959,
          "avg_IoU": 98.82112239748355
        }
      },
      "yolonms_layer_1/ExpandDims_3:0": {
        "topK": 0.0
      }
    }
  }
}