{
  "no_dissimilar": 0,
  "base_models_run": 5,
  "model_instances_run": 5,
  "failed_conversions_no": 0,
  "skipped_models": [],
  "failed_models": [],
  "conversion_errors": {},
  "SSD-12": {
    "skipped": [],
    "failed": [],
    "different": 0,
    "run": 1,
    "all": {
      "bboxes": {
        "metrics_0_5": {
          "avg_f1": 95.07173983166818,
          "avg_prec": 95.07173983166818,
          "avg_recall": 95.07173983166818,
          "avg_mAP": 86.42885439242565,
          "avg_IoU": 97.25630553506403
        },
        "metrics_0_7": {
          "avg_f1": 95.07173983166818,
          "avg_prec": 95.07173983166818,
          "avg_recall": 95.07173983166818,
          "avg_mAP": 86.42885439242565,
          "avg_IoU": 97.25630553506403
        },
        "metrics_0_9": {
          "avg_f1": 95.07173983166818,
          "avg_prec": 95.07173983166818,
          "avg_recall": 95.07173983166818,
          "avg_mAP": 86.42885439242565,
          "avg_IoU": 97.25630553506403
        }
      },
      "labels": {
        "first": 2.6,
        "top5": 4.3999999999999995,
        "topK": 6.4
      }
    }
  },
  "Tiny YOLOv3-11": {
    "skipped": [],
    "failed": [],
    "different": 0,
    "run": 1,
    "all": {
      "yolonms_layer_1": {
        "metrics_0_5": {
          "avg_f1": 99.47540932038869,
          "avg_prec": 99.46473326172573,
          "avg_recall": 99.48621110951326,
          "avg_mAP": 90.45984210138687,
          "avg_IoU": 99.5575437692722
        },
        "metrics_0_7": {
          "avg_f1": 99.27588215455083,
          "avg_prec": 99.2749731471536,
          "avg_recall": 99.27681169176091,
          "avg_mAP": 89.90913135553032,
          "avg_IoU": 99.5575437692722
        },
        "metrics_0_9": {
          "avg_f1": 99.24991049051201,
          "avg_prec": 99.24991049051201,
          "avg_recall": 99.24991049051201,
          "avg_mAP": 89.90739970925485,
          "avg_IoU": 99.5575437692722
        }
      },
      "yolonms_layer_1:1": {
        "topK": 0.0
      }
    }
  },
  "YOLOv2-9": {
    "skipped": [],
    "failed": [],
    "different": 0,
    "run": 1,
    "all": {
      "218": {
        "metrics_0_5": {
          "avg_f1": 99.99999992747381,
          "avg_prec": 99.99999992747381,
          "avg_recall": 99.99999992747381,
          "avg_mAP": 90.90909084315801,
          "avg_IoU": 87.71859580094741
        },
        "metrics_0_7": {
          "avg_f1": 99.99999992747381,
          "avg_prec": 99.99999992747381,
          "avg_recall": 99.99999992747381,
          "avg_mAP": 90.90909084315801,
          "avg_IoU": 87.71859580094741
        },
        "metrics_0_9": {
          "avg_f1": 99.99999992747381,
          "avg_prec": 99.99999992747381,
          "avg_recall": 99.99999992747381,
          "avg_mAP": 90.90909084315801,
          "avg_IoU": 87.71859580094741
        }
      }
    }
  },
  "YOLOv3-10": {
    "skipped": [],
    "failed": [],
    "different": 0,
    "run": 1,
    "all": {
      "yolonms_layer_1/ExpandDims_1:0": {
        "metrics_0_5": {
          "avg_f1": 98.88513232909226,
          "avg_prec": 98.88780909189074,
          "avg_recall": 98.8826297661353,
          "avg_mAP": 87.01622722925616,
          "avg_IoU": 98.84757243856885
        },
        "metrics_0_7": {
          "avg_f1": 97.9989888652518,
          "avg_prec": 98.00237555339596,
          "avg_recall": 97.99561672716149,
          "avg_mAP": 85.83789366758849,
          "avg_IoU": 98.84757243856885
        },
        "metrics_0_9": {
          "avg_f1": 97.92948925601986,
          "avg_prec": 97.92948925601986,
          "avg_recall": 97.92948925601986,
          "avg_mAP": 85.82726559516529,
          "avg_IoU": 98.84757243856885
        }
      },
      "yolonms_layer_1/ExpandDims_3:0": {
        "topK": 0.0
      }
    }
  },
  "YOLOv3-12-12": {
    "skipped": [],
    "failed": [],
    "different": 0,
    "run": 1,
    "all": {
      "yolonms_layer_1/ExpandDims_1:0": {
        "metrics_0_5": {
          "avg_f1": 98.88513232909226,
          "avg_prec": 98.88780909189074,
          "avg_recall": 98.8826297661353,
          "avg_mAP": 87.01622722925616,
          "avg_IoU": 98.84757243856885
        },
        "metrics_0_7": {
          "avg_f1": 97.9989888652518,
          "avg_prec": 98.00237555339596,
          "avg_recall": 97.99561672716149,
          "avg_mAP": 85.83789366758849,
          "avg_IoU": 98.84757243856885
        },
        "metrics_0_9": {
          "avg_f1": 97.92948925601986,
          "avg_prec": 97.92948925601986,
          "avg_recall": 97.92948925601986,
          "avg_mAP": 85.82726559516529,
          "avg_IoU": 98.84757243856885
        }
      },
      "yolonms_layer_1/ExpandDims_3:0": {
        "topK": 0.0
      }
    }
  }
}