{
  "no_dissimilar": 0,
  "base_models_run": 5,
  "model_instances_run": 5,
  "failed_conversions_no": 0,
  "skipped_models": [],
  "failed_models": [],
  "conversion_errors": {},
  "SSD-12": {
    "skipped": [],
    "failed": [],
    "different": 0,
    "run": 1,
    "all": {
      "bboxes": {
        "metrics_0_5": {
          "avg_f1": 95.66939495372566,
          "avg_prec": 95.66939495372566,
          "avg_recall": 95.66939495372566,
          "avg_mAP": 86.97217723065971,
          "avg_IoU": 97.73312930467112
        },
        "metrics_0_7": {
          "avg_f1": 95.65510923945423,
          "avg_prec": 95.65510923945423,
          "avg_recall": 95.65510923945423,
          "avg_mAP": 86.95919021768567,
          "avg_IoU": 97.73312930467112
        },
        "metrics_0_9": {
          "avg_f1": 95.65510923945423,
          "avg_prec": 95.65510923945423,
          "avg_recall": 95.65510923945423,
          "avg_mAP": 86.95919021768567,
          "avg_IoU": 97.73312930467112
        }
      },
      "labels": {
        "first": 2.1999999999999997,
        "top5": 3.4000000000000004,
        "topK": 5.6000000000000005
      }
    }
  },
  "Tiny YOLOv3-11": {
    "skipped": [],
    "failed": [],
    "different": 0,
    "run": 1,
    "all": {
      "yolonms_layer_1": {
        "metrics_0_5": {
          "avg_f1": 99.58661316441653,
          "avg_prec": 99.59720730397423,
          "avg_recall": 99.57612051039774,
          "avg_mAP": 90.69323711118669,
          "avg_IoU": 99.65214432308383
        },
        "metrics_0_7": {
          "avg_f1": 99.41737406264907,
          "avg_prec": 99.41818832796277,
          "avg_recall": 99.41658017875949,
          "avg_mAP": 90.01406709058365,
          "avg_IoU": 99.65214432308383
        },
        "metrics_0_9": {
          "avg_f1": 99.40207662012173,
          "avg_prec": 99.40207662012173,
          "avg_recall": 99.40207662012173,
          "avg_mAP": 90.01406709058365,
          "avg_IoU": 99.65214432308383
        }
      },
      "yolonms_layer_1:1": {
        "topK": 0.0
      }
    }
  },
  "YOLOv2-9": {
    "skipped": [],
    "failed": [],
    "different": 0,
    "run": 1,
    "all": {
      "218": {
        "metrics_0_5": {
          "avg_f1": 99.81884050767748,
          "avg_prec": 99.81884050767748,
          "avg_recall": 99.81884050767748,
          "avg_mAP": 90.64558623230891,
          "avg_IoU": 88.44321723013849
        },
        "metrics_0_7": {
          "avg_f1": 99.81884050767748,
          "avg_prec": 99.81884050767748,
          "avg_recall": 99.81884050767748,
          "avg_mAP": 90.64558623230891,
          "avg_IoU": 88.64598991930379
        },
        "metrics_0_9": {
          "avg_f1": 99.81884050767748,
          "avg_prec": 99.81884050767748,
          "avg_recall": 99.81884050767748,
          "avg_mAP": 90.64558623230891,
          "avg_IoU": 88.64598991930379
        }
      }
    }
  },
  "YOLOv3-10": {
    "skipped": [],
    "failed": [],
    "different": 0,
    "run": 1,
    "all": {
      "yolonms_layer_1/ExpandDims_1:0": {
        "metrics_0_5": {
          "avg_f1": 98.70938313578903,
          "avg_prec": 98.71427028861433,
          "avg_recall": 98.70459181485994,
          "avg_mAP": 86.91312507602255,
          "avg_IoU": 98.6644079921376
        },
        "metrics_0_7": {
          "avg_f1": 97.67963026351799,
          "avg_prec": 97.68229287179724,
          "avg_recall": 97.67698520096295,
          "avg_mAP": 85.85391381205582,
          "avg_IoU": 98.6644079921376
        },
        "metrics_0_9": {
          "avg_f1": 97.5997655297947,
          "avg_prec": 97.5997655297947,
          "avg_recall": 97.5997655297947,
          "avg_mAP": 85.79926806130193,
          "avg_IoU": 98.6644079921376
        }
      },
      "yolonms_layer_1/ExpandDims_3:0": {
        "topK": 0.0
      }
    }
  },
  "YOLOv3-12-12": {
    "skipped": [],
    "failed": [],
    "different": 0,
    "run": 1,
    "all": {
      "yolonms_layer_1/ExpandDims_1:0": {
        "metrics_0_5": {
          "avg_f1": 98.70938313578903,
          "avg_prec": 98.71427028861433,
          "avg_recall": 98.70459181485994,
          "avg_mAP": 86.91312507602255,
          "avg_IoU": 98.6644079921376
        },
        "metrics_0_7": {
          "avg_f1": 97.67963026351799,
          "avg_prec": 97.68229287179724,
          "avg_recall": 97.67698520096295,
          "avg_mAP": 85.85391381205582,
          "avg_IoU": 98.6644079921376
        },
        "metrics_0_9": {
          "avg_f1": 97.5997655297947,
          "avg_prec": 97.5997655297947,
          "avg_recall": 97.5997655297947,
          "avg_mAP": 85.79926806130193,
          "avg_IoU": 98.6644079921376
        }
      },
      "yolonms_layer_1/ExpandDims_3:0": {
        "topK": 0.0
      }
    }
  }
}