{
  "no_dissimilar": 0,
  "base_models_run": 5,
  "model_instances_run": 5,
  "failed_conversions_no": 0,
  "skipped_models": [],
  "failed_models": [],
  "conversion_errors": {},
  "SSD-12": {
    "skipped": [],
    "failed": [],
    "different": 0,
    "run": 1,
    "all": {
      "bboxes": {
        "metrics_0_5": {
          "avg_f1": 95.54147176593037,
          "avg_prec": 95.54147176593037,
          "avg_recall": 95.54147176593037,
          "avg_mAP": 86.8558834235731,
          "avg_IoU": 97.64351723364612
        },
        "metrics_0_7": {
          "avg_f1": 95.52480509928037,
          "avg_prec": 95.52480509928037,
          "avg_recall": 95.52480509928037,
          "avg_mAP": 86.84073190843674,
          "avg_IoU": 97.64351723364612
        },
        "metrics_0_9": {
          "avg_f1": 95.52480509928037,
          "avg_prec": 95.52480509928037,
          "avg_recall": 95.52480509928037,
          "avg_mAP": 86.84073190843674,
          "avg_IoU": 97.64351723364612
        }
      },
      "labels": {
        "first": 2.4,
        "top5": 3.5999999999999996,
        "topK": 5.2
      }
    }
  },
  "Tiny YOLOv3-11": {
    "skipped": [],
    "failed": [],
    "different": 0,
    "run": 1,
    "all": {
      "yolonms_layer_1": {
        "metrics_0_5": {
          "avg_f1": 99.58733678006051,
          "avg_prec": 99.58730158730158,
          "avg_recall": 99.5874638800655,
          "avg_mAP": 90.518423166396,
          "avg_IoU": 99.63857585053742
        },
        "metrics_0_7": {
          "avg_f1": 99.40357560449674,
          "avg_prec": 99.4013605442177,
          "avg_recall": 99.40580287716715,
          "avg_mAP": 89.89958571081961,
          "avg_IoU": 99.63857585053742
        },
        "metrics_0_9": {
          "avg_f1": 99.37868480725623,
          "avg_prec": 99.37868480725623,
          "avg_recall": 99.37868480725623,
          "avg_mAP": 89.89869155823371,
          "avg_IoU": 99.63857585053742
        }
      },
      "yolonms_layer_1:1": {
        "topK": 0.0
      }
    }
  },
  "YOLOv2-9": {
    "skipped": [],
    "failed": [],
    "different": 0,
    "run": 1,
    "all": {
      "218": {
        "metrics_0_5": {
          "avg_f1": 99.83164975964365,
          "avg_prec": 99.83164975964365,
          "avg_recall": 99.83164975964365,
          "avg_mAP": 90.66421787151567,
          "avg_IoU": 86.37904784878684
        },
        "metrics_0_7": {
          "avg_f1": 99.9999999279377,
          "avg_prec": 99.9999999279377,
          "avg_recall": 99.9999999279377,
          "avg_mAP": 90.90909084357975,
          "avg_IoU": 86.45146915395381
        },
        "metrics_0_9": {
          "avg_f1": 99.9999999279377,
          "avg_prec": 99.9999999279377,
          "avg_recall": 99.9999999279377,
          "avg_mAP": 90.90909084357975,
          "avg_IoU": 86.45146915395381
        }
      }
    }
  },
  "YOLOv3-10": {
    "skipped": [],
    "failed": [],
    "different": 0,
    "run": 1,
    "all": {
      "yolonms_layer_1/ExpandDims_1:0": {
        "metrics_0_5": {
          "avg_f1": 98.68495460068833,
          "avg_prec": 98.68190297465456,
          "avg_recall": 98.68817134023256,
          "avg_mAP": 85.81003261003245,
          "avg_IoU": 98.63512293412747
        },
        "metrics_0_7": {
          "avg_f1": 97.62848814776855,
          "avg_prec": 97.6246327759347,
          "avg_recall": 97.6323539128786,
          "avg_mAP": 85.44474550802502,
          "avg_IoU": 98.63512293412747
        },
        "metrics_0_9": {
          "avg_f1": 97.55705237760128,
          "avg_prec": 97.55705237760128,
          "avg_recall": 97.55705237760128,
          "avg_mAP": 85.42903514760724,
          "avg_IoU": 98.63512293412747
        }
      },
      "yolonms_layer_1/ExpandDims_3:0": {
        "topK": 0.0
      }
    }
  },
  "YOLOv3-12-12": {
    "skipped": [],
    "failed": [],
    "different": 0,
    "run": 1,
    "all": {
      "yolonms_layer_1/ExpandDims_1:0": {
        "metrics_0_5": {
          "avg_f1": 98.68495460068833,
          "avg_prec": 98.68190297465456,
          "avg_recall": 98.68817134023256,
          "avg_mAP": 85.81003261003245,
          "avg_IoU": 98.63512293412747
        },
        "metrics_0_7": {
          "avg_f1": 97.62848814776855,
          "avg_prec": 97.6246327759347,
          "avg_recall": 97.6323539128786,
          "avg_mAP": 85.44474550802502,
          "avg_IoU": 98.63512293412747
        },
        "metrics_0_9": {
          "avg_f1": 97.55705237760128,
          "avg_prec": 97.55705237760128,
          "avg_recall": 97.55705237760128,
          "avg_mAP": 85.42903514760724,
          "avg_IoU": 98.63512293412747
        }
      },
      "yolonms_layer_1/ExpandDims_3:0": {
        "topK": 0.0
      }
    }
  }
}