{
  "no_dissimilar": 0,
  "base_models_run": 5,
  "model_instances_run": 5,
  "failed_conversions_no": 0,
  "skipped_models": [],
  "failed_models": [],
  "conversion_errors": {},
  "SSD-12": {
    "skipped": [],
    "failed": [],
    "different": 0,
    "run": 1,
    "all": {
      "bboxes": {
        "metrics_0_5": {
          "avg_f1": 95.54147176593037,
          "avg_prec": 95.79999990419999,
          "avg_recall": 95.79999990419999
        },
        "metrics_0_7": {
          "avg_f1": 95.52480509928037,
          "avg_prec": 95.79999990419999,
          "avg_recall": 95.79999990419999
        },
        "metrics_0_9": {
          "avg_f1": 95.52480509928037,
          "avg_prec": 95.79999990419999,
          "avg_recall": 95.79999990419999
        }
      },
      "labels": {
        "first": 2.4,
        "top5": 3.5999999999999996,
        "topK": 5.2
      }
    }
  },
  "Tiny YOLOv3-11": {
    "skipped": [],
    "failed": [],
    "different": 0,
    "run": 1,
    "all": {
      "yolonms_layer_1": {
        "metrics_0_5": {
          "avg_f1": 99.90588093796441,
          "avg_prec": 99.90476190476191,
          "avg_recall": 99.90712178940923
        },
        "metrics_0_7": {
          "avg_f1": 99.61561647506308,
          "avg_prec": 99.60997732426304,
          "avg_recall": 99.6215192797333
        },
        "metrics_0_9": {
          "avg_f1": 99.37981473506127,
          "avg_prec": 99.37868480725623,
          "avg_recall": 99.38094620227747
        }
      },
      "yolonms_layer_1:1": {
        "topK": 0.0
      }
    }
  },
  "YOLOv2-9": {
    "skipped": [],
    "failed": [],
    "different": 0,
    "run": 1,
    "all": {
      "218": {
        "metrics_0_5": {
          "avg_f1": 99.83164975964365,
          "avg_prec": 99.83164976019079,
          "avg_recall": 99.83164976019079
        },
        "metrics_0_7": {
          "avg_f1": 99.9999999279377,
          "avg_prec": 99.99999992848484,
          "avg_recall": 99.99999992848484
        },
        "metrics_0_9": {
          "avg_f1": 99.9999999279377,
          "avg_prec": 99.99999992848484,
          "avg_recall": 99.99999992848484
        }
      }
    }
  },
  "YOLOv3-10": {
    "skipped": [],
    "failed": [],
    "different": 0,
    "run": 1,
    "all": {
      "yolonms_layer_1/ExpandDims_1:0": {
        "metrics_0_5": {
          "avg_f1": 99.88939929813743,
          "avg_prec": 99.88550428381534,
          "avg_recall": 99.89332682631526
        },
        "metrics_0_7": {
          "avg_f1": 99.38782088535598,
          "avg_prec": 99.3906593836221,
          "avg_recall": 99.38507370186063
        },
        "metrics_0_9": {
          "avg_f1": 98.01486250365241,
          "avg_prec": 98.0105671168303,
          "avg_recall": 98.01924155267163
        }
      },
      "yolonms_layer_1/ExpandDims_3:0": {
        "topK": 0.0
      }
    }
  },
  "YOLOv3-12-12": {
    "skipped": [],
    "failed": [],
    "different": 0,
    "run": 1,
    "all": {
      "yolonms_layer_1/ExpandDims_1:0": {
        "metrics_0_5": {
          "avg_f1": 99.88939929813743,
          "avg_prec": 99.88550428381534,
          "avg_recall": 99.89332682631526
        },
        "metrics_0_7": {
          "avg_f1": 99.38782088535598,
          "avg_prec": 99.3906593836221,
          "avg_recall": 99.38507370186063
        },
        "metrics_0_9": {
          "avg_f1": 98.01486250365241,
          "avg_prec": 98.0105671168303,
          "avg_recall": 98.01924155267163
        }
      },
      "yolonms_layer_1/ExpandDims_3:0": {
        "topK": 0.0
      }
    }
  }
}