{
  "no_dissimilar": 0,
  "base_models_run": 5,
  "model_instances_run": 5,
  "failed_conversions_no": 0,
  "skipped_models": [],
  "failed_models": [],
  "conversion_errors": {},
  "SSD-12": {
    "skipped": [],
    "failed": [],
    "different": 0,
    "run": 1,
    "all": {
      "bboxes": {
        "metrics_0_5": {
          "avg_f1": 93.85486004600527,
          "avg_prec": 93.19999990679999,
          "avg_recall": 93.19999990679999
        },
        "metrics_0_7": {
          "avg_f1": 93.82001156119163,
          "avg_prec": 93.19999990679999,
          "avg_recall": 93.19999990679999
        },
        "metrics_0_9": {
          "avg_f1": 93.801829743028,
          "avg_prec": 93.19999990679999,
          "avg_recall": 93.19999990679999
        }
      },
      "labels": {
        "first": 3.2,
        "top5": 6.0,
        "topK": 8.200000000000001
      }
    }
  },
  "Tiny YOLOv3-11": {
    "skipped": [],
    "failed": [],
    "different": 0,
    "run": 1,
    "all": {
      "yolonms_layer_1": {
        "metrics_0_5": {
          "avg_f1": 99.91838292470635,
          "avg_prec": 99.92464678178965,
          "avg_recall": 99.9122242440667
        },
        "metrics_0_7": {
          "avg_f1": 99.60966590446428,
          "avg_prec": 99.61695447409731,
          "avg_recall": 99.60247779298219
        },
        "metrics_0_9": {
          "avg_f1": 99.36475114021974,
          "avg_prec": 99.36577708006278,
          "avg_recall": 99.36372659431667
        }
      },
      "yolonms_layer_1:1": {
        "topK": 0.0
      }
    }
  },
  "YOLOv2-9": {
    "skipped": [],
    "failed": [],
    "different": 0,
    "run": 1,
    "all": {
      "218": {
        "metrics_0_5": {
          "avg_f1": 99.9999999271943,
          "avg_prec": 99.99999992702679,
          "avg_recall": 99.99999992702679
        },
        "metrics_0_7": {
          "avg_f1": 99.9999999271943,
          "avg_prec": 99.99999992702679,
          "avg_recall": 99.99999992702679
        },
        "metrics_0_9": {
          "avg_f1": 99.9999999271943,
          "avg_prec": 99.99999992702679,
          "avg_recall": 99.99999992702679
        }
      }
    }
  },
  "YOLOv3-10": {
    "skipped": [],
    "failed": [],
    "different": 0,
    "run": 1,
    "all": {
      "yolonms_layer_1/ExpandDims_1:0": {
        "metrics_0_5": {
          "avg_f1": 99.88708424563426,
          "avg_prec": 99.89651945434258,
          "avg_recall": 99.87767940537213
        },
        "metrics_0_7": {
          "avg_f1": 99.38375553558213,
          "avg_prec": 99.40971097433682,
          "avg_recall": 99.35792501850577
        },
        "metrics_0_9": {
          "avg_f1": 98.39508709687841,
          "avg_prec": 98.39560162689413,
          "avg_recall": 98.39463655137715
        }
      },
      "yolonms_layer_1/ExpandDims_3:0": {
        "topK": 0.0
      }
    }
  },
  "YOLOv3-12-12": {
    "skipped": [],
    "failed": [],
    "different": 0,
    "run": 1,
    "all": {
      "yolonms_layer_1/ExpandDims_1:0": {
        "metrics_0_5": {
          "avg_f1": 99.88708424563426,
          "avg_prec": 99.89651945434258,
          "avg_recall": 99.87767940537213
        },
        "metrics_0_7": {
          "avg_f1": 99.38375553558213,
          "avg_prec": 99.40971097433682,
          "avg_recall": 99.35792501850577
        },
        "metrics_0_9": {
          "avg_f1": 98.39508709687841,
          "avg_prec": 98.39560162689413,
          "avg_recall": 98.39463655137715
        }
      },
      "yolonms_layer_1/ExpandDims_3:0": {
        "topK": 0.0
      }
    }
  }
}