{
  "no_dissimilar": 0,
  "base_models_run": 5,
  "model_instances_run": 5,
  "failed_conversions_no": 0,
  "skipped_models": [],
  "failed_models": [],
  "conversion_errors": {},
  "SSD-12": {
    "skipped": [],
    "failed": [],
    "different": 0,
    "run": 1,
    "all": {
      "bboxes": {
        "metrics_0_5": {
          "avg_f1": 96.09594709396887,
          "avg_prec": 96.39999990359999,
          "avg_recall": 96.39999990359999
        },
        "metrics_0_7": {
          "avg_f1": 96.07928042731888,
          "avg_prec": 96.39999990359999,
          "avg_recall": 96.39999990359999
        },
        "metrics_0_9": {
          "avg_f1": 96.07928042731888,
          "avg_prec": 96.39999990359999,
          "avg_recall": 96.39999990359999
        }
      },
      "labels": {
        "first": 2.8000000000000003,
        "top5": 3.0,
        "topK": 5.0
      }
    }
  },
  "Tiny YOLOv3-11": {
    "skipped": [],
    "failed": [],
    "different": 0,
    "run": 1,
    "all": {
      "yolonms_layer_1": {
        "metrics_0_5": {
          "avg_f1": 99.88320508657878,
          "avg_prec": 99.88208616780044,
          "avg_recall": 99.88448874975106
        },
        "metrics_0_7": {
          "avg_f1": 99.52019989424231,
          "avg_prec": 99.51020408163266,
          "avg_recall": 99.53034705213798
        },
        "metrics_0_9": {
          "avg_f1": 99.26642215769903,
          "avg_prec": 99.26530612244898,
          "avg_recall": 99.26753971343307
        }
      },
      "yolonms_layer_1:1": {
        "topK": 0.0
      }
    }
  },
  "YOLOv2-9": {
    "skipped": [],
    "failed": [],
    "different": 0,
    "run": 1,
    "all": {
      "218": {
        "metrics_0_5": {
          "avg_f1": 99.99999992815602,
          "avg_prec": 99.99999992822252,
          "avg_recall": 99.99999992822252
        },
        "metrics_0_7": {
          "avg_f1": 99.99999992815602,
          "avg_prec": 99.99999992822252,
          "avg_recall": 99.99999992822252
        },
        "metrics_0_9": {
          "avg_f1": 99.99999992815602,
          "avg_prec": 99.99999992822252,
          "avg_recall": 99.99999992822252
        }
      }
    }
  },
  "YOLOv3-10": {
    "skipped": [],
    "failed": [],
    "different": 0,
    "run": 1,
    "all": {
      "yolonms_layer_1/ExpandDims_1:0": {
        "metrics_0_5": {
          "avg_f1": 99.88627221087431,
          "avg_prec": 99.88283053849706,
          "avg_recall": 99.88974218684561
        },
        "metrics_0_7": {
          "avg_f1": 99.4033827378512,
          "avg_prec": 99.39347572869066,
          "avg_recall": 99.41335713967109
        },
        "metrics_0_9": {
          "avg_f1": 98.23723139567684,
          "avg_prec": 98.23556575619102,
          "avg_recall": 98.2389470074588
        }
      },
      "yolonms_layer_1/ExpandDims_3:0": {
        "topK": 0.0
      }
    }
  },
  "YOLOv3-12-12": {
    "skipped": [],
    "failed": [],
    "different": 0,
    "run": 1,
    "all": {
      "yolonms_layer_1/ExpandDims_1:0": {
        "metrics_0_5": {
          "avg_f1": 99.88627221087431,
          "avg_prec": 99.88283053849706,
          "avg_recall": 99.88974218684561
        },
        "metrics_0_7": {
          "avg_f1": 99.4033827378512,
          "avg_prec": 99.39347572869066,
          "avg_recall": 99.41335713967109
        },
        "metrics_0_9": {
          "avg_f1": 98.23723139567684,
          "avg_prec": 98.23556575619102,
          "avg_recall": 98.2389470074588
        }
      },
      "yolonms_layer_1/ExpandDims_3:0": {
        "topK": 0.0
      }
    }
  }
}