{
  "no_dissimilar": 0,
  "base_models_run": 5,
  "model_instances_run": 5,
  "failed_conversions_no": 0,
  "skipped_models": [],
  "failed_models": [],
  "conversion_errors": {},
  "SSD-12": {
    "skipped": [],
    "failed": [],
    "different": 0,
    "run": 1,
    "all": {
      "bboxes": {
        "metrics_0_5": {
          "avg_f1": 97.4185779911595,
          "avg_prec": 97.39999990259999,
          "avg_recall": 97.39999990259999
        },
        "metrics_0_7": {
          "avg_f1": 97.4185779911595,
          "avg_prec": 97.39999990259999,
          "avg_recall": 97.39999990259999
        },
        "metrics_0_9": {
          "avg_f1": 97.4185779911595,
          "avg_prec": 97.39999990259999,
          "avg_recall": 97.39999990259999
        }
      },
      "labels": {
        "first": 2.1999999999999997,
        "top5": 2.1999999999999997,
        "topK": 2.8000000000000003
      }
    }
  },
  "Tiny YOLOv3-11": {
    "skipped": [],
    "failed": [],
    "different": 0,
    "run": 1,
    "all": {
      "yolonms_layer_1": {
        "metrics_0_5": {
          "avg_f1": 99.90370527092693,
          "avg_prec": 99.90371533228675,
          "avg_recall": 99.90378052634141
        },
        "metrics_0_7": {
          "avg_f1": 99.60230480085758,
          "avg_prec": 99.60020931449503,
          "avg_recall": 99.60451879571274
        },
        "metrics_0_9": {
          "avg_f1": 99.33544284209526,
          "avg_prec": 99.33647305075878,
          "avg_recall": 99.3344140331718
        }
      },
      "yolonms_layer_1:1": {
        "topK": 0.0
      }
    }
  },
  "YOLOv2-9": {
    "skipped": [],
    "failed": [],
    "different": 0,
    "run": 1,
    "all": {
      "218": {
        "metrics_0_5": {
          "avg_f1": 99.99999992647273,
          "avg_prec": 99.99999992618152,
          "avg_recall": 99.99999992618152
        },
        "metrics_0_7": {
          "avg_f1": 99.99999992647273,
          "avg_prec": 99.99999992618152,
          "avg_recall": 99.99999992618152
        },
        "metrics_0_9": {
          "avg_f1": 99.99999992647273,
          "avg_prec": 99.99999992618152,
          "avg_recall": 99.99999992618152
        }
      }
    }
  },
  "YOLOv3-10": {
    "skipped": [],
    "failed": [],
    "different": 0,
    "run": 1,
    "all": {
      "yolonms_layer_1/ExpandDims_1:0": {
        "metrics_0_5": {
          "avg_f1": 99.8742717712841,
          "avg_prec": 99.87481675478908,
          "avg_recall": 99.87375767634458
        },
        "metrics_0_7": {
          "avg_f1": 99.36725977641943,
          "avg_prec": 99.37188757666102,
          "avg_recall": 99.36272225152466
        },
        "metrics_0_9": {
          "avg_f1": 98.11515959660694,
          "avg_prec": 98.11511368066193,
          "avg_recall": 98.11528202174897
        }
      },
      "yolonms_layer_1/ExpandDims_3:0": {
        "topK": 0.0
      }
    }
  },
  "YOLOv3-12-12": {
    "skipped": [],
    "failed": [],
    "different": 0,
    "run": 1,
    "all": {
      "yolonms_layer_1/ExpandDims_1:0": {
        "metrics_0_5": {
          "avg_f1": 99.8742717712841,
          "avg_prec": 99.87481675478908,
          "avg_recall": 99.87375767634458
        },
        "metrics_0_7": {
          "avg_f1": 99.36725977641943,
          "avg_prec": 99.37188757666102,
          "avg_recall": 99.36272225152466
        },
        "metrics_0_9": {
          "avg_f1": 98.11515959660694,
          "avg_prec": 98.11511368066193,
          "avg_recall": 98.11528202174897
        }
      },
      "yolonms_layer_1/ExpandDims_3:0": {
        "topK": 0.0
      }
    }
  }
}