{
  "no_dissimilar": 0,
  "base_models_run": 1,
  "model_instances_run": 1,
  "failed_conversions_no": 0,
  "skipped_models": [],
  "failed_models": [],
  "conversion_errors": {},
  "YOLOv3-10": {
    "skipped": [],
    "failed": [],
    "different": 0,
    "run": 1,
    "all": {
      "yolonms_layer_1/ExpandDims_1:0": {
        "metrics_0_5": {
          "avg_f1": 99.44292591998294,
          "avg_prec": 99.44292591998294,
          "avg_recall": 99.44292591998294,
          "avg_mAP": 99.99999989999999,
          "avg_IoU": 84.81548323105727
        },
        "metrics_0_7": {
          "avg_f1": 99.4995352982319,
          "avg_prec": 99.4995352982319,
          "avg_recall": 99.4995352982319,
          "avg_mAP": 99.44407015831352,
          "avg_IoU": 88.31238107456096
        },
        "metrics_0_9": {
          "avg_f1": 99.99999993851011,
          "avg_prec": 99.99999993851011,
          "avg_recall": 99.99999993851011,
          "avg_mAP": 99.99999987702026,
          "avg_IoU": 89.68000118353481
        }
      },
      "yolonms_layer_1/ExpandDims_3:0": {
        "first": 0.0,
        "top5": 0.0,
        "topK": 0.0
      }
    }
  }
}