{
  "no_dissimilar": 0,
  "base_models_run": 1,
  "model_instances_run": 1,
  "failed_conversions_no": 0,
  "skipped_models": [],
  "failed_models": [],
  "conversion_errors": {},
  "SSD-12": {
    "skipped": [],
    "failed": [],
    "different": 0,
    "run": 1,
    "all": {
      "bboxes": {
        "metrics_0_5": {
          "avg_f1": 99.99999994514585,
          "avg_prec": 99.99999994514585,
          "avg_recall": 99.99999994514585,
          "avg_mAP": 99.99999989029166,
          "avg_IoU": 100.0
        },
        "metrics_0_7": {
          "avg_f1": 99.99999994514585,
          "avg_prec": 99.99999994514585,
          "avg_recall": 99.99999994514585,
          "avg_mAP": 99.99999989029166,
          "avg_IoU": 100.0
        },
        "metrics_0_9": {
          "avg_f1": 99.99999994514585,
          "avg_prec": 99.99999994514585,
          "avg_recall": 99.99999994514585,
          "avg_mAP": 99.99999989029166,
          "avg_IoU": 100.0
        }
      },
      "first": "0.0",
      "top5": "0.0",
      "topK": "0.03636363636363636",
      "certainties": {
        "mean_top1": "0",
        "mean_top5": "0",
        "mean_topK": "0",
        "stddev1": "0",
        "stddev5": "0",
        "stddevK": "0"
      }
    }
  }
}
