{
  "no_dissimilar": 0,
  "base_models_run": 1,
  "model_instances_run": 1,
  "failed_conversions_no": 0,
  "skipped_models": [],
  "failed_models": [],
  "conversion_errors": {},
  "YOLOv2-9": {
    "skipped": [],
    "failed": [],
    "different": 0,
    "run": 1,
    "all": {
      "218": {
        "metrics_0_5": {
          "avg_f1": 99.95247141009122,
          "avg_prec": 99.95247141009122,
          "avg_recall": 99.95247141009122,
          "avg_mAP": 99.94190944460331,
          "avg_IoU": 88.49200143981147
        },
        "metrics_0_7": {
          "avg_f1": 99.9683142491227,
          "avg_prec": 99.9683142491227,
          "avg_recall": 99.9683142491227,
          "avg_mAP": 99.95775228363478,
          "avg_IoU": 88.59678500444748
        },
        "metrics_0_9": {
          "avg_f1": 99.9683142491227,
          "avg_prec": 99.9683142491227,
          "avg_recall": 99.9683142491227,
          "avg_mAP": 99.95775228363478,
          "avg_IoU": 88.59678500444748
        }
      }
    }
  }
}