{
  "no_dissimilar": 0,
  "base_models_run": 1,
  "model_instances_run": 1,
  "failed_conversions_no": 0,
  "skipped_models": [],
  "failed_models": [],
  "conversion_errors": {},
  "Tiny YOLOv3-11": {
    "skipped": [],
    "failed": [],
    "different": 0,
    "run": 1,
    "all": {
      "yolonms_layer_1": {
        "metrics_0_5": {
          "avg_f1": 99.18916784973877,
          "avg_prec": 99.18916784973877,
          "avg_recall": 99.18916784973877,
          "avg_mAP": 99.99999986666666,
          "avg_IoU": 85.35785948509749
        },
        "metrics_0_7": {
          "avg_f1": 99.74455161983575,
          "avg_prec": 99.74455161983575,
          "avg_recall": 99.74455161983575,
          "avg_mAP": 99.72687472089142,
          "avg_IoU": 89.43344725678189
        },
        "metrics_0_9": {
          "avg_f1": 99.99999993565226,
          "avg_prec": 99.99999993565226,
          "avg_recall": 99.99999993565226,
          "avg_mAP": 99.99999987130451,
          "avg_IoU": 90.39409433922194
        }
      },
      "yolonms_layer_1:1": {
        "first": 0.0,
        "top5": 0.0,
        "topK": 0.0
      }
    }
  }
}
